modelo,familia,configuracao,params,threshold,accuracy,precision_macro,recall_macro,f1_macro,precision_resolvida,recall_resolvida,f1_resolvida,roc_auc,log_loss,brier_score,tn,fp,fn,tp
Regressão Logística,Linear / Regressores,LR_C_0.1,{'C': 0.1},0.44999999999999984,0.640205,0.6333958400467684,0.6310363351733661,0.6316756275626602,0.5957324739688237,0.5568321847473872,0.575625866187008,0.6760148461610331,0.6368397371315719,0.2226295142497067,79238,33118,38841,48803
Árvore de Decisão,Árvores,TREE_media,"{'max_depth': 20, 'min_samples_leaf': 500}",0.44999999999999984,0.64512,0.6429156636289586,0.6227114332835006,0.6197501522344109,0.6373072360616845,0.44135365798001003,0.5215316165565592,0.6539663061275696,0.6440116312397841,0.22599519953448916,90342,22014,48962,38682
XGBoost,Ensemble / Boosting,XGB_medio,"{'n_estimators': 250, 'max_depth': 6, 'learning_rate': 0.08, 'min_child_weight': 3}",0.5299999999999998,0.648435,0.6418989781493598,0.6393650718085707,0.6400749178901122,0.6058381679389313,0.5659600200812377,0.5852205357511547,0.6861472400137264,0.6486033201217651,0.22822289168834686,80084,32272,38041,49603
SVM Linear calibrado,SVM,SVM_C_0.1,{'C': 0.1},0.5399999999999998,0.639295,0.6323907901980699,0.6298186137304731,0.630472575144075,0.595165310056106,0.5531240016430103,0.5733750450924617,0.67483428626623,0.6522628849062952,0.2299116576837129,79381,32975,39166,48478
