conjunto,modelo,threshold,accuracy,precision_resolvida,recall_resolvida,f1_resolvida,precision_macro,recall_macro,f1_macro,roc_auc,log_loss,brier_score,tn_nao_resolvida,fp_nao_resolvida_classificada_como_resolvida,fn_resolvida_classificada_como_nao_resolvida,tp_resolvida
teste,XGBoost,0.5299999999999998,0.6651680425982904,0.5483100107642627,0.5430287782438822,0.5456566159713128,0.6405705971636619,0.640005049771308,0.6402785046364212,0.6901493470838256,0.6513845920562744,0.22891931235790253,235156,83924,85731,101876
teste,Regressão Logística,0.44999999999999984,0.6598531243154058,0.5415964714284935,0.5295004983822565,0.5354801845702704,0.6342730400573655,0.6329980240438298,0.6335858150219609,0.6785820128368028,0.6190752439714639,0.21404406195227602,235001,84079,88269,99338
teste,SVM Linear calibrado,0.5399999999999998,0.6554934308557354,0.5348568864386679,0.5336794469289525,0.5342675179628656,0.6305162104004616,0.6303974519338256,0.630456354831868,0.6751305780345527,0.6554590379654085,0.23096427254139099,232008,87072,87485,100122
teste,Árvore de Decisão,0.44999999999999984,0.6741143940933949,0.5819501847842725,0.42554915328319304,0.49161006668842405,0.6451415335288074,0.6229052648702539,0.6259046586600795,0.648149870624764,0.6320090408638966,0.2197703285239467,261729,57351,107771,79836
teste,Baseline - média por Grupo Problema,0.5799999999999997,0.4584822582777928,0.37104046844115507,0.6653856199395545,0.4764160124570168,0.5011582296626281,0.5011082543724349,0.4578462068775565,0.48790651005996233,0.7558047960799726,0.28083726045340873,107476,211604,62776,124831
teste,Baseline - média geral,0.5899999999999997,0.629737885519068,0.0,0.0,0.0,0.314868942759534,0.5,0.3864043973663273,0.5,0.7547499670661576,0.2804429664623342,319080,0,187607,0
